gw,date,time,home,away
9,2026-10-03,15:00,Scunthorpe United,Forest Green Rovers
10,2026-10-09,19:45,Sutton United,Boreham Wood
10,2026-10-10,12:30,Altrincham,Aldershot Town
10,2026-10-10,12:30,Carlisle United,Kidderminster Harriers
10,2026-10-10,15:00,AFC Fylde,Scunthorpe United
10,2026-10-10,15:00,AFC Hornchurch,Eastleigh
10,2026-10-10,15:00,Boston United,Southend United
10,2026-10-10,15:00,FC Halifax Town,Gateshead
10,2026-10-10,15:00,Tamworth,Barrow
10,2026-10-10,15:00,Wealdstone,Yeovil Town
10,2026-10-10,15:00,Woking,Harrogate Town
10,2026-10-10,15:00,Worthing,Solihull Moors
10,2026-10-10,17:30,Forest Green Rovers,Hartlepool United
11,2026-10-23,19:45,Gateshead,Tamworth
11,2026-10-24,12:30,Eastleigh,Boston United
11,2026-10-24,12:30,Harrogate Town,Sutton United
11,2026-10-24,15:00,Aldershot Town,Wealdstone
11,2026-10-24,15:00,Barrow,Forest Green Rovers
11,2026-10-24,15:00,Boreham Wood,AFC Fylde
11,2026-10-24,15:00,Hartlepool United,AFC Hornchurch
11,2026-10-24,15:00,Scunthorpe United,Woking
11,2026-10-24,15:00,Solihull Moors,Carlisle United
11,2026-10-24,15:00,Southend United,FC Halifax Town
11,2026-10-24,15:00,Yeovil Town,Altrincham
11,2026-10-24,17:30,Kidderminster Harriers,Worthing
12,2026-10-27,20:45,AFC Fylde,Hartlepool United
12,2026-10-27,20:45,AFC Hornchurch,Yeovil Town
12,2026-10-27,20:45,Altrincham,Kidderminster Harriers
12,2026-10-27,20:45,Boston United,Gateshead
12,2026-10-27,20:45,FC Halifax Town,Barrow
12,2026-10-27,20:45,Tamworth,Scunthorpe United
12,2026-10-27,20:45,Wealdstone,Solihull Moors
12,2026-10-27,20:45,Woking,Boreham Wood
12,2026-10-27,20:45,Worthing,Southend United
12,2026-10-28,20:45,Carlisle United,Harrogate Town
12,2026-10-28,20:45,Forest Green Rovers,Eastleigh
12,2026-10-28,20:45,Sutton United,Aldershot Town
12,2026-10-30,20:45,AFC Fylde,AFC Hornchurch
12,2026-10-31,13:30,FC Halifax Town,Yeovil Town
12,2026-10-31,13:30,Forest Green Rovers,Harrogate Town
12,2026-10-31,16:00,Aldershot Town,Gateshead
12,2026-10-31,16:00,Altrincham,Carlisle United
12,2026-10-31,16:00,Barrow,Eastleigh
12,2026-10-31,16:00,Boreham Wood,Hartlepool United
12,2026-10-31,16:00,Solihull Moors,Kidderminster Harriers
12,2026-10-31,16:00,Tamworth,Woking
12,2026-10-31,16:00,Wealdstone,Southend United
12,2026-10-31,16:00,Worthing,Sutton United
12,2026-10-31,18:30,Boston United,Scunthorpe United
13,2026-11-14,16:00,AFC Hornchurch,Tamworth
13,2026-11-14,16:00,Carlisle United,Boston United
13,2026-11-14,16:00,Eastleigh,AFC Fylde
13,2026-11-14,16:00,Gateshead,Barrow
13,2026-11-14,16:00,Harrogate Town,Altrincham
13,2026-11-14,16:00,Hartlepool United,Wealdstone
13,2026-11-14,16:00,Kidderminster Harriers,FC Halifax Town
13,2026-11-14,16:00,Scunthorpe United,Worthing
13,2026-11-14,16:00,Southend United,Aldershot Town
13,2026-11-14,16:00,Sutton United,Solihull Moors
13,2026-11-14,16:00,Woking,Forest Green Rovers
13,2026-11-14,16:00,Yeovil Town,Boreham Wood
14,2026-11-20,20:45,Southend United,Boreham Wood
14,2026-11-21,13:30,Solihull Moors,Altrincham
14,2026-11-21,13:30,Tamworth,Eastleigh
14,2026-11-21,16:00,Aldershot Town,Scunthorpe United
14,2026-11-21,16:00,Barrow,Carlisle United
14,2026-11-21,16:00,FC Halifax Town,Woking
14,2026-11-21,16:00,Gateshead,Hartlepool United
14,2026-11-21,16:00,Kidderminster Harriers,AFC Fylde
14,2026-11-21,16:00,Sutton United,Boston United
14,2026-11-21,16:00,Wealdstone,AFC Hornchurch
14,2026-11-21,16:00,Worthing,Harrogate Town
14,2026-11-21,18:30,Yeovil Town,Forest Green Rovers
15,2026-11-24,20:45,AFC Fylde,FC Halifax Town
15,2026-11-24,20:45,AFC Hornchurch,Sutton United
15,2026-11-24,20:45,Altrincham,Wealdstone
15,2026-11-24,20:45,Boston United,Barrow
15,2026-11-24,20:45,Carlisle United,Tamworth
15,2026-11-24,20:45,Eastleigh,Yeovil Town
15,2026-11-24,20:45,Forest Green Rovers,Southend United
15,2026-11-24,20:45,Scunthorpe United,Gateshead
15,2026-11-24,20:45,Woking,Worthing
15,2026-11-25,20:00,Boreham Wood,Aldershot Town
15,2026-11-25,20:45,Harrogate Town,Kidderminster Harriers
15,2026-11-25,20:45,Hartlepool United,Solihull Moors
15,2026-11-27,20:45,Scunthorpe United,Wealdstone
15,2026-11-28,13:30,AFC Fylde,Aldershot Town
15,2026-11-28,13:30,Woking,Barrow
15,2026-11-28,16:00,AFC Hornchurch,Solihull Moors
15,2026-11-28,16:00,Altrincham,Worthing
15,2026-11-28,16:00,Boreham Wood,Gateshead
15,2026-11-28,16:00,Boston United,Kidderminster Harriers
15,2026-11-28,16:00,Carlisle United,Sutton United
15,2026-11-28,16:00,Eastleigh,FC Halifax Town
15,2026-11-28,16:00,Forest Green Rovers,Tamworth
15,2026-11-28,16:00,Harrogate Town,Yeovil Town
15,2026-11-28,18:30,Hartlepool United,Southend United
16,2026-12-04,20:45,Wealdstone,Woking
16,2026-12-05,13:30,Barrow,Boreham Wood
16,2026-12-05,13:30,Gateshead,AFC Hornchurch
16,2026-12-05,16:00,Aldershot Town,Forest Green Rovers
16,2026-12-05,16:00,Kidderminster Harriers,Scunthorpe United
16,2026-12-05,16:00,Solihull Moors,Eastleigh
16,2026-12-05,16:00,Southend United,Harrogate Town
16,2026-12-05,16:00,Sutton United,AFC Fylde
16,2026-12-05,16:00,Tamworth,Altrincham
16,2026-12-05,16:00,Worthing,Boston United
16,2026-12-05,16:00,Yeovil Town,Hartlepool United
16,2026-12-05,18:30,FC Halifax Town,Carlisle United
17,2026-12-08,20:00,Boreham Wood,Sutton United
17,2026-12-08,20:45,Aldershot Town,Altrincham
17,2026-12-08,20:45,Eastleigh,AFC Hornchurch
17,2026-12-08,20:45,Harrogate Town,Woking
17,2026-12-08,20:45,Hartlepool United,Forest Green Rovers
17,2026-12-08,20:45,Kidderminster Harriers,Carlisle United
17,2026-12-08,20:45,Scunthorpe United,AFC Fylde
17,2026-12-08,20:45,Solihull Moors,Worthing
17,2026-12-08,20:45,Southend United,Boston United
17,2026-12-09,20:45,Barrow,Tamworth
17,2026-12-09,20:45,Gateshead,FC Halifax Town
17,2026-12-09,20:45,Yeovil Town,Wealdstone
18,2026-12-18,20:45,AFC Fylde,Southend United
18,2026-12-19,13:30,AFC Hornchurch,Harrogate Town
18,2026-12-19,13:30,Boston United,Yeovil Town
18,2026-12-19,13:30,Sutton United,Kidderminster Harriers
18,2026-12-19,13:30,Woking,Eastleigh
18,2026-12-19,18:30,Altrincham,Boreham Wood
18,2026-12-19,18:30,Forest Green Rovers,Scunthorpe United
18,2026-12-19,18:30,Worthing,Gateshead
18,2026-12-19,20:45,Tamworth,Hartlepool United
18,2026-12-20,13:00,FC Halifax Town,Solihull Moors
18,2026-12-20,15:00,Wealdstone,Barrow
18,2026-12-20,17:00,Carlisle United,Aldershot Town
19,2026-12-26,13:30,Aldershot Town,Woking
19,2026-12-26,16:00,Barrow,AFC Fylde
19,2026-12-26,16:00,Boreham Wood,Wealdstone
19,2026-12-26,16:00,Eastleigh,Worthing
19,2026-12-26,16:00,Gateshead,Carlisle United
19,2026-12-26,16:00,Harrogate Town,FC Halifax Town
19,2026-12-26,16:00,Hartlepool United,Boston United
19,2026-12-26,16:00,Kidderminster Harriers,Forest Green Rovers
19,2026-12-26,16:00,Scunthorpe United,Altrincham
19,2026-12-26,16:00,Solihull Moors,Tamworth
19,2026-12-26,16:00,Southend United,AFC Hornchurch
19,2026-12-26,16:00,Yeovil Town,Sutton United
20,2026-12-28,16:00,AFC Fylde,Gateshead
20,2026-12-28,16:00,AFC Hornchurch,Boreham Wood
20,2026-12-28,16:00,Altrincham,Barrow
20,2026-12-28,16:00,Carlisle United,Hartlepool United
20,2026-12-28,16:00,FC Halifax Town,Scunthorpe United
20,2026-12-28,16:00,Sutton United,Southend United
20,2026-12-28,16:00,Tamworth,Kidderminster Harriers
20,2026-12-28,16:00,Woking,Yeovil Town
20,2026-12-28,16:00,Worthing,Aldershot Town
20,2026-12-29,20:00,Forest Green Rovers,Solihull Moors
20,2026-12-29,20:45,Boston United,Harrogate Town
20,2026-12-29,20:45,Wealdstone,Eastleigh
20,2027-01-02,16:00,AFC Fylde,Boreham Wood
20,2027-01-02,16:00,AFC Hornchurch,Hartlepool United
20,2027-01-02,16:00,Altrincham,Yeovil Town
20,2027-01-02,16:00,Boston United,Eastleigh
20,2027-01-02,16:00,Carlisle United,Solihull Moors
20,2027-01-02,16:00,FC Halifax Town,Southend United
20,2027-01-02,16:00,Forest Green Rovers,Barrow
20,2027-01-02,16:00,Sutton United,Harrogate Town
20,2027-01-02,16:00,Tamworth,Gateshead
20,2027-01-02,16:00,Wealdstone,Aldershot Town
20,2027-01-02,16:00,Woking,Scunthorpe United
20,2027-01-02,16:00,Worthing,Kidderminster Harriers
21,2027-01-08,20:45,Aldershot Town,Sutton United
21,2027-01-09,13:30,Boreham Wood,Woking
21,2027-01-09,13:30,Hartlepool United,AFC Fylde
21,2027-01-09,16:00,Eastleigh,Forest Green Rovers
21,2027-01-09,16:00,Gateshead,Boston United
21,2027-01-09,16:00,Harrogate Town,Carlisle United
21,2027-01-09,16:00,Kidderminster Harriers,Altrincham
21,2027-01-09,16:00,Scunthorpe United,Tamworth
21,2027-01-09,16:00,Solihull Moors,Wealdstone
21,2027-01-09,16:00,Southend United,Worthing
21,2027-01-09,16:00,Yeovil Town,AFC Hornchurch
21,2027-01-09,18:30,Barrow,FC Halifax Town
22,2027-01-22,20:45,Eastleigh,Kidderminster Harriers
22,2027-01-23,13:30,Boston United,Solihull Moors
22,2027-01-23,13:30,Woking,Gateshead
22,2027-01-23,16:00,AFC Fylde,Tamworth
22,2027-01-23,16:00,AFC Hornchurch,Barrow
22,2027-01-23,16:00,Altrincham,Sutton United
22,2027-01-23,16:00,Boreham Wood,FC Halifax Town
22,2027-01-23,16:00,Carlisle United,Yeovil Town
22,2027-01-23,16:00,Forest Green Rovers,Worthing
22,2027-01-23,16:00,Harrogate Town,Wealdstone
22,2027-01-23,16:00,Hartlepool United,Aldershot Town
22,2027-01-23,18:30,Scunthorpe United,Southend United
23,2027-01-26,20:45,Aldershot Town,Boreham Wood
23,2027-01-26,20:45,Barrow,Boston United
23,2027-01-26,20:45,Gateshead,Scunthorpe United
23,2027-01-26,20:45,Kidderminster Harriers,Harrogate Town
23,2027-01-26,20:45,Solihull Moors,Hartlepool United
23,2027-01-26,20:45,Sutton United,AFC Hornchurch
23,2027-01-26,20:45,Tamworth,Carlisle United
23,2027-01-26,20:45,Worthing,Woking
23,2027-01-26,20:45,Yeovil Town,Eastleigh
23,2027-01-27,20:45,FC Halifax Town,AFC Fylde
23,2027-01-27,20:45,Southend United,Forest Green Rovers
23,2027-01-27,20:45,Wealdstone,Altrincham
23,2027-01-29,20:45,Solihull Moors,Harrogate Town
23,2027-01-30,13:30,Wealdstone,AFC Fylde
23,2027-01-30,13:30,Yeovil Town,Scunthorpe United
23,2027-01-30,16:00,Aldershot Town,Boston United
23,2027-01-30,16:00,Barrow,Hartlepool United
23,2027-01-30,16:00,FC Halifax Town,Forest Green Rovers
23,2027-01-30,16:00,Gateshead,Eastleigh
23,2027-01-30,16:00,Kidderminster Harriers,AFC Hornchurch
23,2027-01-30,16:00,Southend United,Altrincham
23,2027-01-30,16:00,Sutton United,Woking
23,2027-01-30,16:00,Tamworth,Boreham Wood
23,2027-01-30,18:30,Worthing,Carlisle United
24,2027-02-06,16:00,AFC Fylde,Kidderminster Harriers
24,2027-02-06,16:00,AFC Hornchurch,Wealdstone
24,2027-02-06,16:00,Altrincham,Solihull Moors
24,2027-02-06,16:00,Boreham Wood,Southend United
24,2027-02-06,16:00,Boston United,Sutton United
24,2027-02-06,16:00,Carlisle United,Barrow
24,2027-02-06,16:00,Eastleigh,Tamworth
24,2027-02-06,16:00,Forest Green Rovers,Yeovil Town
24,2027-02-06,16:00,Harrogate Town,Worthing
24,2027-02-06,16:00,Hartlepool United,Gateshead
24,2027-02-06,16:00,Scunthorpe United,Aldershot Town
24,2027-02-06,16:00,Woking,FC Halifax Town
25,2027-02-13,16:00,AFC Fylde,Boston United
25,2027-02-13,16:00,AFC Hornchurch,Altrincham
25,2027-02-13,16:00,Barrow,Southend United
25,2027-02-13,16:00,Boreham Wood,Solihull Moors
25,2027-02-13,16:00,Eastleigh,Harrogate Town
25,2027-02-13,16:00,FC Halifax Town,Worthing
25,2027-02-13,16:00,Forest Green Rovers,Sutton United
25,2027-02-13,16:00,Gateshead,Wealdstone
25,2027-02-13,16:00,Hartlepool United,Scunthorpe United
25,2027-02-13,16:00,Tamworth,Aldershot Town
25,2027-02-13,16:00,Woking,Carlisle United
25,2027-02-13,16:00,Yeovil Town,Kidderminster Harriers
26,2027-02-16,20:45,Altrincham,Gateshead
26,2027-02-16,20:45,Boston United,FC Halifax Town
26,2027-02-16,20:45,Carlisle United,AFC Fylde
26,2027-02-16,20:45,Harrogate Town,Hartlepool United
26,2027-02-16,20:45,Kidderminster Harriers,Boreham Wood
26,2027-02-16,20:45,Scunthorpe United,Barrow
26,2027-02-16,20:45,Southend United,Eastleigh
26,2027-02-16,20:45,Sutton United,Tamworth
26,2027-02-16,20:45,Wealdstone,Forest Green Rovers
26,2027-02-17,20:45,Aldershot Town,AFC Hornchurch
26,2027-02-17,20:45,Solihull Moors,Woking
26,2027-02-17,20:45,Worthing,Yeovil Town
26,2027-02-20,16:00,Aldershot Town,Barrow
26,2027-02-20,16:00,Altrincham,AFC Fylde
26,2027-02-20,16:00,Boston United,Forest Green Rovers
26,2027-02-20,16:00,Carlisle United,Eastleigh
26,2027-02-20,16:00,Harrogate Town,Boreham Wood
26,2027-02-20,16:00,Kidderminster Harriers,Woking
26,2027-02-20,16:00,Scunthorpe United,AFC Hornchurch
26,2027-02-20,16:00,Solihull Moors,Yeovil Town
26,2027-02-20,16:00,Southend United,Gateshead
26,2027-02-20,16:00,Sutton United,FC Halifax Town
26,2027-02-20,16:00,Wealdstone,Tamworth
26,2027-02-20,16:00,Worthing,Hartlepool United
27,2027-02-23,20:00,Boreham Wood,Scunthorpe United
27,2027-02-23,20:45,AFC Fylde,Harrogate Town
27,2027-02-23,20:45,Barrow,Solihull Moors
27,2027-02-23,20:45,Eastleigh,Sutton United
27,2027-02-23,20:45,FC Halifax Town,Wealdstone
27,2027-02-23,20:45,Forest Green Rovers,Carlisle United
27,2027-02-23,20:45,Gateshead,Kidderminster Harriers
27,2027-02-23,20:45,Hartlepool United,Altrincham
27,2027-02-23,20:45,Tamworth,Southend United
27,2027-02-23,20:45,Yeovil Town,Aldershot Town
27,2027-02-24,20:45,AFC Hornchurch,Worthing
27,2027-02-24,20:45,Woking,Boston United
27,2027-02-27,16:00,AFC Fylde,Woking
27,2027-02-27,16:00,AFC Hornchurch,Carlisle United
27,2027-02-27,16:00,Aldershot Town,Kidderminster Harriers
27,2027-02-27,16:00,Altrincham,Boston United
27,2027-02-27,16:00,Barrow,Harrogate Town
27,2027-02-27,16:00,Boreham Wood,Forest Green Rovers
27,2027-02-27,16:00,Gateshead,Yeovil Town
27,2027-02-27,16:00,Hartlepool United,Sutton United
27,2027-02-27,16:00,Scunthorpe United,Eastleigh
27,2027-02-27,16:00,Southend United,Solihull Moors
27,2027-02-27,16:00,Tamworth,FC Halifax Town
27,2027-02-27,16:00,Wealdstone,Worthing
28,2027-03-06,16:00,Boston United,Boreham Wood
28,2027-03-06,16:00,Carlisle United,Wealdstone
28,2027-03-06,16:00,Eastleigh,Hartlepool United
28,2027-03-06,16:00,FC Halifax Town,Altrincham
28,2027-03-06,16:00,Forest Green Rovers,AFC Fylde
28,2027-03-06,16:00,Harrogate Town,Aldershot Town
28,2027-03-06,16:00,Kidderminster Harriers,Southend United
28,2027-03-06,16:00,Solihull Moors,Scunthorpe United
28,2027-03-06,16:00,Sutton United,Gateshead
28,2027-03-06,16:00,Woking,AFC Hornchurch
28,2027-03-06,16:00,Worthing,Tamworth
28,2027-03-06,16:00,Yeovil Town,Barrow
29,2027-03-09,20:00,Boreham Wood,Worthing
29,2027-03-09,20:45,AFC Fylde,Solihull Moors
29,2027-03-09,20:45,AFC Hornchurch,Boston United
29,2027-03-09,20:45,Altrincham,Forest Green Rovers
29,2027-03-09,20:45,Barrow,Kidderminster Harriers
29,2027-03-09,20:45,Gateshead,Harrogate Town
29,2027-03-09,20:45,Scunthorpe United,Carlisle United
29,2027-03-09,20:45,Southend United,Woking
29,2027-03-09,20:45,Tamworth,Yeovil Town
29,2027-03-09,20:45,Wealdstone,Sutton United
29,2027-03-10,20:45,Aldershot Town,Eastleigh
29,2027-03-10,20:45,Hartlepool United,FC Halifax Town
29,2027-03-13,16:00,Boston United,Tamworth
29,2027-03-13,16:00,Carlisle United,Boreham Wood
29,2027-03-13,16:00,Eastleigh,Altrincham
29,2027-03-13,16:00,FC Halifax Town,Aldershot Town
29,2027-03-13,16:00,Forest Green Rovers,AFC Hornchurch
29,2027-03-13,16:00,Harrogate Town,Scunthorpe United
29,2027-03-13,16:00,Kidderminster Harriers,Wealdstone
29,2027-03-13,16:00,Solihull Moors,Gateshead
29,2027-03-13,16:00,Sutton United,Barrow
29,2027-03-13,16:00,Woking,Hartlepool United
29,2027-03-13,16:00,Worthing,AFC Fylde
29,2027-03-13,16:00,Yeovil Town,Southend United
30,2027-03-20,13:30,AFC Fylde,Yeovil Town
30,2027-03-20,13:30,AFC Hornchurch,FC Halifax Town
30,2027-03-20,13:30,Aldershot Town,Solihull Moors
30,2027-03-20,13:30,Altrincham,Woking
30,2027-03-20,13:30,Barrow,Worthing
30,2027-03-20,13:30,Boreham Wood,Eastleigh
30,2027-03-20,13:30,Gateshead,Forest Green Rovers
30,2027-03-20,13:30,Hartlepool United,Kidderminster Harriers
30,2027-03-20,13:30,Scunthorpe United,Sutton United
30,2027-03-20,13:30,Southend United,Carlisle United
30,2027-03-20,13:30,Tamworth,Harrogate Town
30,2027-03-20,13:30,Wealdstone,Boston United
31,2027-03-26,16:00,Aldershot Town,Worthing
31,2027-03-26,16:00,Barrow,Altrincham
31,2027-03-26,16:00,Boreham Wood,AFC Hornchurch
31,2027-03-26,16:00,Eastleigh,Wealdstone
31,2027-03-26,16:00,Gateshead,AFC Fylde
31,2027-03-26,16:00,Harrogate Town,Boston United
31,2027-03-26,16:00,Hartlepool United,Carlisle United
31,2027-03-26,16:00,Kidderminster Harriers,Tamworth
31,2027-03-26,16:00,Scunthorpe United,FC Halifax Town
31,2027-03-26,16:00,Solihull Moors,Forest Green Rovers
31,2027-03-26,16:00,Southend United,Sutton United
31,2027-03-26,16:00,Yeovil Town,Woking
32,2027-03-29,15:00,AFC Fylde,Barrow
32,2027-03-29,15:00,AFC Hornchurch,Southend United
32,2027-03-29,15:00,Altrincham,Scunthorpe United
32,2027-03-29,15:00,Boston United,Hartlepool United
32,2027-03-29,15:00,Carlisle United,Gateshead
32,2027-03-29,15:00,FC Halifax Town,Harrogate Town
32,2027-03-29,15:00,Forest Green Rovers,Kidderminster Harriers
32,2027-03-29,15:00,Sutton United,Yeovil Town
32,2027-03-29,15:00,Tamworth,Solihull Moors
32,2027-03-29,15:00,Wealdstone,Boreham Wood
32,2027-03-29,15:00,Woking,Aldershot Town
32,2027-03-29,15:00,Worthing,Eastleigh
32,2027-04-03,15:00,AFC Hornchurch,AFC Fylde
32,2027-04-03,15:00,Carlisle United,Altrincham
32,2027-04-03,15:00,Eastleigh,Barrow
32,2027-04-03,15:00,Gateshead,Aldershot Town
32,2027-04-03,15:00,Harrogate Town,Forest Green Rovers
32,2027-04-03,15:00,Hartlepool United,Boreham Wood
32,2027-04-03,15:00,Kidderminster Harriers,Solihull Moors
32,2027-04-03,15:00,Scunthorpe United,Boston United
32,2027-04-03,15:00,Southend United,Wealdstone
32,2027-04-03,15:00,Sutton United,Worthing
32,2027-04-03,15:00,Woking,Tamworth
32,2027-04-03,15:00,Yeovil Town,FC Halifax Town
33,2027-04-10,15:00,AFC Fylde,Eastleigh
33,2027-04-10,15:00,Aldershot Town,Southend United
33,2027-04-10,15:00,Altrincham,Harrogate Town
33,2027-04-10,15:00,Barrow,Gateshead
33,2027-04-10,15:00,Boreham Wood,Yeovil Town
33,2027-04-10,15:00,Boston United,Carlisle United
33,2027-04-10,15:00,FC Halifax Town,Kidderminster Harriers
33,2027-04-10,15:00,Forest Green Rovers,Woking
33,2027-04-10,15:00,Solihull Moors,Sutton United
33,2027-04-10,15:00,Tamworth,AFC Hornchurch
33,2027-04-10,15:00,Wealdstone,Hartlepool United
33,2027-04-10,15:00,Worthing,Scunthorpe United
34,2027-04-17,15:00,AFC Fylde,Sutton United
34,2027-04-17,15:00,AFC Hornchurch,Gateshead
34,2027-04-17,15:00,Altrincham,Tamworth
34,2027-04-17,15:00,Boreham Wood,Barrow
34,2027-04-17,15:00,Boston United,Worthing
34,2027-04-17,15:00,Carlisle United,FC Halifax Town
34,2027-04-17,15:00,Eastleigh,Solihull Moors
34,2027-04-17,15:00,Forest Green Rovers,Aldershot Town
34,2027-04-17,15:00,Harrogate Town,Southend United
34,2027-04-17,15:00,Hartlepool United,Yeovil Town
34,2027-04-17,15:00,Scunthorpe United,Kidderminster Harriers
34,2027-04-17,15:00,Woking,Wealdstone
35,2027-04-24,12:30,Aldershot Town,AFC Fylde
35,2027-04-24,12:30,Barrow,Woking
35,2027-04-24,12:30,FC Halifax Town,Eastleigh
35,2027-04-24,12:30,Gateshead,Boreham Wood
35,2027-04-24,12:30,Kidderminster Harriers,Boston United
35,2027-04-24,12:30,Solihull Moors,AFC Hornchurch
35,2027-04-24,12:30,Southend United,Hartlepool United
35,2027-04-24,12:30,Sutton United,Carlisle United
35,2027-04-24,12:30,Tamworth,Forest Green Rovers
35,2027-04-24,12:30,Wealdstone,Scunthorpe United
35,2027-04-24,12:30,Worthing,Altrincham
35,2027-04-24,12:30,Yeovil Town,Harrogate Town
